id,first_name,last_name,email,gender,ip_address
1,Amalee,Ransfield,aransfield0@china.com.cn,Female,85.64.188.188
2,Thornton,Scrinage,tscrinage1@icio.us,Male,143.25.223.183
3,Ruthie,Moden,rmoden2@cam.ac.uk,Female,55.61.239.164
4,Sibella,Butt,sbutt3@japanpost.jp,Female,230.152.227.36
5,Melli,O'Boyle,moboyle4@ustream.tv,Female,229.111.89.104
6,Mahmud,Deacock,mdeacock5@nps.gov,Male,159.128.233.72
7,Sybilla,Godain,sgodain6@creativecommons.org,Female,131.63.233.248
8,Thomasine,McConnulty,tmcconnulty7@google.com.br,Female,15.142.180.73
9,Grantham,Reynault,greynault8@unesco.org,Male,188.197.11.108
10,Rodrick,Melladew,rmelladew9@imgur.com,Male,144.51.19.153
11,Gerik,Caw,gcawa@amazon.com,Male,165.135.107.71
12,Marigold,Roche,mrocheb@jalbum.net,Female,0.248.199.10
13,Roscoe,Swann,rswannc@google.es,Male,26.26.201.155
14,Belva,Dade,bdaded@ucsd.edu,Female,29.3.153.81
15,Morgen,Dwire,mdwiree@cbslocal.com,Male,11.243.18.192
16,Jed,Van Waadenburg,jvanwaadenburgf@odnoklassniki.ru,Male,135.170.78.77
17,Gabriellia,Golden of Ireland,ggoldenofirelandg@pcworld.com,Female,133.215.104.88
18,Dario,Patise,dpatiseh@sakura.ne.jp,Male,103.115.240.218
19,Iseabal,Entreis,ientreisi@zimbio.com,Female,46.186.158.135
20,Mersey,Rainon,mrainonj@bigcartel.com,Female,37.9.228.171
21,Terza,Leeves,tleevesk@scribd.com,Female,35.133.21.250
22,Witty,Catlette,wcatlettel@multiply.com,Male,108.101.17.110
23,Dinny,Cheales,dchealesm@unicef.org,Female,213.236.95.131
24,Walliw,Rouby,wroubyn@sfgate.com,Female,150.223.37.148
25,Tillie,Abdee,tabdeeo@oaic.gov.au,Female,73.75.153.97
26,Odie,Sumshon,osumshonp@deviantart.com,Male,14.33.16.100
27,Ganny,Lafee,glafeeq@wiley.com,Male,244.147.10.166
28,Normy,Porcas,nporcasr@qq.com,Male,255.129.18.110
29,Darwin,Livingstone,dlivingstones@sbwire.com,Male,243.190.233.157
30,Hubert,Saylor,hsaylort@ustream.tv,Male,36.192.45.154
31,Saree,Mantione,smantioneu@google.nl,Female,132.73.169.195
32,Alasdair,Purkis,apurkisv@drupal.org,Male,111.122.132.4
33,Monro,Northway,mnorthwayw@jugem.jp,Male,254.74.222.224
34,Vanessa,Quadling,vquadlingx@netscape.com,Female,111.203.84.171
35,Ethe,Bierling,ebierlingy@i2i.jp,Male,96.41.114.7
36,Bobbie,Boniface,bbonifacez@163.com,Female,94.52.2.244
37,Alonzo,Kleinert,akleinert10@ow.ly,Male,171.79.82.231
38,Neville,Sandercock,nsandercock11@google.ca,Male,247.201.79.232
39,Barn,Mahaddy,bmahaddy12@ovh.net,Male,204.197.202.155
40,Patsy,Jacqueminet,pjacqueminet13@google.nl,Female,8.41.85.22
41,Abagael,Van Dale,avandale14@youku.com,Female,145.55.187.250
42,Alice,Brookton,abrookton15@vistaprint.com,Female,210.0.171.86
43,Dane,Bazylets,dbazylets16@weather.com,Male,27.52.72.123
44,Oberon,Sycamore,osycamore17@ihg.com,Male,69.32.252.112
45,Whitney,Raubenheimer,wraubenheimer18@utexas.edu,Female,67.171.79.17
46,Rudd,Greenwood,rgreenwood19@comsenz.com,Male,52.170.173.179
47,Babbette,Glyssanne,bglyssanne1a@ow.ly,Female,217.73.189.95
48,Westbrook,Thorneley,wthorneley1b@icq.com,Male,74.71.207.230
49,Evie,Embling,eembling1c@google.pl,Female,90.218.246.134
50,Sheila-kathryn,Sheirlaw,ssheirlaw1d@goo.ne.jp,Female,241.210.208.56
51,Darsie,Lamartine,dlamartine1e@posterous.com,Female,207.115.238.52
52,Orren,Romney,oromney1f@salon.com,Male,51.176.92.69
53,Katherina,Pickston,kpickston1g@biglobe.ne.jp,Female,209.37.114.199
54,Micah,Radmore,mradmore1h@berkeley.edu,Male,36.112.68.1
55,Mannie,Meehan,mmeehan1i@techcrunch.com,Male,86.166.97.35
56,Leyla,Cronchey,lcronchey1j@reference.com,Female,6.145.162.16
57,Lutero,Kruszelnicki,lkruszelnicki1k@gravatar.com,Male,203.64.98.55
58,Aleece,Adie,aadie1l@japanpost.jp,Female,84.117.116.248
59,Filippo,Prop,fprop1m@amazon.com,Male,139.200.69.216
60,Elisha,Rasch,erasch1n@census.gov,Female,164.71.44.60
61,Berty,Ure,bure1o@vistaprint.com,Female,219.137.132.119
62,Biddy,Furniss,bfurniss1p@blog.com,Female,111.178.214.42
63,Tierney,Willcocks,twillcocks1q@icq.com,Female,165.67.45.173
64,Zenia,De Micoli,zdemicoli1r@bluehost.com,Female,88.63.190.72
65,Cristi,McCardle,cmccardle1s@admin.ch,Female,102.92.45.123
66,Osbert,Proom,oproom1t@biblegateway.com,Male,72.190.167.49
67,Renato,Warricker,rwarricker1u@phpbb.com,Male,7.192.26.153
68,Pedro,Garbott,pgarbott1v@godaddy.com,Male,147.166.162.194
69,Barrie,Popplewell,bpopplewell1w@symantec.com,Female,125.206.32.53
70,Merrile,Smout,msmout1x@acquirethisname.com,Female,14.144.214.9
71,Gery,McKie,gmckie1y@sohu.com,Male,50.193.4.188
72,Tera,Simnel,tsimnel1z@about.com,Female,1.136.100.29
73,Ole,Mansell,omansell20@godaddy.com,Male,68.67.213.236
74,Alyce,Gooch,agooch21@weather.com,Female,222.138.172.60
75,Ernie,Wickey,ewickey22@shareasale.com,Male,187.147.31.212
76,Jessee,Paulson,jpaulson23@oakley.com,Male,52.98.254.141
77,My,Twoohy,mtwoohy24@uol.com.br,Male,141.22.45.75
78,Troy,Lett,tlett25@statcounter.com,Male,84.254.199.43
79,Woody,Ianne,wianne26@irs.gov,Male,222.143.160.219
80,Orv,Eady,oeady27@sogou.com,Male,115.9.66.34
81,Karolina,Piccop,kpiccop28@odnoklassniki.ru,Female,70.215.211.38
82,Cathryn,Darbyshire,cdarbyshire29@ebay.com,Female,28.74.73.45
83,Dody,Worrall,dworrall2a@businesswire.com,Female,102.222.75.99
84,Josefa,Gilling,jgilling2b@dedecms.com,Female,88.237.84.60
85,Bartlet,Berardt,bberardt2c@blogs.com,Male,209.140.131.193
86,Anderson,Dod,adod2d@blogtalkradio.com,Male,42.158.7.170
87,Uriah,Braddon,ubraddon2e@indiegogo.com,Male,211.182.209.138
88,Hymie,Pate,hpate2f@sciencedaily.com,Male,67.213.147.27
89,Lesley,Munn,lmunn2g@cpanel.net,Female,91.220.51.193
90,Verile,Guard,vguard2h@squarespace.com,Female,68.216.147.31
91,Montgomery,Fazakerley,mfazakerley2i@soup.io,Male,88.241.236.88
92,Gaylene,Brodnecke,gbrodnecke2j@cdbaby.com,Female,24.68.23.35
93,Wittie,Polson,wpolson2k@yellowpages.com,Male,205.121.240.148
94,Freddi,Ellor,fellor2l@qq.com,Female,158.195.36.27
95,Nell,Wilfinger,nwilfinger2m@scientificamerican.com,Female,47.88.146.222
96,Heddie,Newsham,hnewsham2n@blog.com,Female,34.127.82.237
97,Bridget,Inge,binge2o@typepad.com,Female,42.163.182.94
98,Cathee,Calken,ccalken2p@sciencedirect.com,Female,43.36.164.58
99,Kameko,Kenworthy,kkenworthy2q@prnewswire.com,Female,27.166.95.190
100,Gale,Hiers,ghiers2r@discuz.net,Female,129.228.79.9
101,Brucie,Strongitharm,bstrongitharm2s@github.io,Male,85.231.20.26
102,Darnell,Gawn,dgawn2t@behance.net,Male,137.214.81.98
103,Steward,Kreuzer,skreuzer2u@cbslocal.com,Male,179.117.164.172
104,Lauri,Marty,lmarty2v@google.de,Female,158.58.5.60
105,Leanora,Ewers,lewers2w@pbs.org,Female,64.5.140.190
106,Wiatt,Dearman,wdearman2x@wired.com,Male,194.178.255.86
107,Uta,Antoshin,uantoshin2y@pagesperso-orange.fr,Female,10.59.189.194
108,Siusan,Hartfleet,shartfleet2z@weibo.com,Female,17.167.74.15
109,Lon,Turgoose,lturgoose30@hhs.gov,Male,179.189.73.212
110,Charles,Penvarden,cpenvarden31@canalblog.com,Male,164.146.144.201
111,Christye,Fridaye,cfridaye32@youtu.be,Female,235.6.58.96
112,Stoddard,Januszewicz,sjanuszewicz33@reference.com,Female,74.187.240.233
113,Guenna,Draye,gdraye34@issuu.com,Female,81.133.245.209
114,Rawley,Duthie,rduthie35@wunderground.com,Male,244.80.91.56
115,Aridatha,Wark,awark36@reddit.com,Female,201.128.201.137
116,Ruth,Tuddenham,rtuddenham37@accuweather.com,Female,250.216.237.194
117,Jordan,Braunthal,jbraunthal38@xing.com,Female,116.187.164.222
118,Borden,Goreway,bgoreway39@51.la,Male,18.118.33.102
119,Serene,Iwanowicz,siwanowicz3a@twitter.com,Female,14.93.241.25
120,Maire,Melding,mmelding3b@ameblo.jp,Female,204.158.98.19
121,Yevette,Dendon,ydendon3c@cnet.com,Female,74.233.226.193
122,Jay,Gravell,jgravell3d@t-online.de,Male,188.234.131.159
123,Valdemar,Tipping,vtipping3e@auda.org.au,Male,34.126.183.191
124,Brittney,Steggles,bsteggles3f@eventbrite.com,Female,183.35.204.119
125,Eada,Clouter,eclouter3g@kickstarter.com,Female,166.4.100.164
126,Hallsy,McSharry,hmcsharry3h@rediff.com,Male,172.87.43.230
127,Agosto,Playle,aplayle3i@mail.ru,Male,74.125.218.141
128,Jessy,Iacobini,jiacobini3j@soundcloud.com,Female,243.225.127.203
129,Pincus,Kibbe,pkibbe3k@mediafire.com,Male,27.170.94.208
130,Antonin,Peace,apeace3l@foxnews.com,Male,223.128.148.62
131,Rici,Shelliday,rshelliday3m@livejournal.com,Female,95.247.99.15
132,Liesa,Remon,lremon3n@tinyurl.com,Female,29.163.14.27
133,Rayna,Borland,rborland3o@ask.com,Female,26.250.163.36
134,Umeko,Rosenauer,urosenauer3p@va.gov,Female,13.247.152.158
135,Lesya,Letteresse,lletteresse3q@imgur.com,Female,2.196.146.136
136,Alford,Craw,acraw3r@smh.com.au,Male,4.14.34.108
137,Baxter,Philp,bphilp3s@usnews.com,Male,152.230.130.223
138,Briney,Koppen,bkoppen3t@topsy.com,Female,67.158.127.132
139,Saree,Claypool,sclaypool3u@biblegateway.com,Female,236.94.13.35
140,Twila,Screase,tscrease3v@example.com,Female,174.91.169.199
141,Martina,Saddington,msaddington3w@opensource.org,Female,127.68.162.22
142,Babette,Straun,bstraun3x@exblog.jp,Female,226.48.57.158
143,Brody,Gallant,bgallant3y@bloomberg.com,Male,157.53.10.232
144,Delores,Gresham,dgresham3z@latimes.com,Female,204.157.148.25
145,Luelle,Unthank,lunthank40@php.net,Female,178.130.154.208
146,Lindsay,Conrart,lconrart41@tumblr.com,Female,164.190.19.173
147,Prentice,Hargie,phargie42@bigcartel.com,Male,202.201.163.197
148,Gabbie,Pring,gpring43@geocities.com,Male,32.241.20.126
149,Netty,Purtell,npurtell44@google.ru,Female,103.184.49.48
150,Milo,Lumbers,mlumbers45@amazon.com,Male,138.101.45.73
151,Aguste,Biggerstaff,abiggerstaff46@toplist.cz,Male,85.102.20.73
152,Valentine,Frain,vfrain47@paginegialle.it,Male,216.231.98.76
153,Zsazsa,Westwell,zwestwell48@huffingtonpost.com,Female,181.143.83.183
154,Tedman,Mullin,tmullin49@imageshack.us,Male,47.1.152.175
155,Xavier,Lowensohn,xlowensohn4a@smh.com.au,Male,26.144.143.202
156,Sheree,Blundel,sblundel4b@bravesites.com,Female,82.248.100.34
157,Henryetta,Howatt,hhowatt4c@oaic.gov.au,Female,27.15.202.31
158,Indira,Mager,imager4d@toplist.cz,Female,243.29.71.146
159,Gilemette,McInnes,gmcinnes4e@hatena.ne.jp,Female,17.154.47.134
160,Jules,Udy,judy4f@360.cn,Male,146.110.44.236
161,Saba,Milner,smilner4g@digg.com,Female,91.124.127.244
162,Ajay,Matz,amatz4h@pcworld.com,Female,183.60.127.213
163,Sasha,Tolomelli,stolomelli4i@reuters.com,Male,174.182.250.84
164,Celestina,Nealon,cnealon4j@nasa.gov,Female,82.173.153.2
165,June,Bulpitt,jbulpitt4k@samsung.com,Female,212.107.84.97
166,Chloe,Peppard,cpeppard4l@youtube.com,Female,95.88.69.188
167,Randy,Whitear,rwhitear4m@slate.com,Male,28.129.135.89
168,Cosme,Isakowicz,cisakowicz4n@sakura.ne.jp,Male,173.94.253.203
169,Georgena,Fassam,gfassam4o@domainmarket.com,Female,139.249.253.166
170,Candra,Phlippsen,cphlippsen4p@fda.gov,Female,128.50.68.235
171,Angelle,Gullick,agullick4q@is.gd,Female,83.184.59.126
172,Andris,Jerrans,ajerrans4r@de.vu,Male,29.125.146.208
173,Gary,Semour,gsemour4s@mapquest.com,Male,115.3.59.70
174,Annabella,Wise,awise4t@time.com,Female,178.75.58.81
175,Vasily,Shoulders,vshoulders4u@ocn.ne.jp,Male,154.130.17.69
176,Rik,Ruit,rruit4v@buzzfeed.com,Male,247.182.41.181
177,Dolph,Thomerson,dthomerson4w@fotki.com,Male,4.140.150.134
178,Wilmette,Spandley,wspandley4x@craigslist.org,Female,49.33.74.1
179,Giulia,Sandall,gsandall4y@wikipedia.org,Female,249.7.227.53
180,Galvan,Konert,gkonert4z@cbc.ca,Male,29.17.31.52
181,Bennie,Livick,blivick50@dedecms.com,Male,192.224.82.129
182,Gilburt,Punyer,gpunyer51@newsvine.com,Male,208.33.242.85
183,Willard,Talks,wtalks52@dyndns.org,Male,14.216.97.186
184,Kahlil,Brushfield,kbrushfield53@linkedin.com,Male,195.156.163.137
185,Amanda,Brettell,abrettell54@irs.gov,Female,61.245.226.255
186,Hartley,Lambertazzi,hlambertazzi55@weather.com,Male,110.71.60.94
187,Alessandra,Cardenas,acardenas56@tripadvisor.com,Female,157.64.55.162
188,Gisella,Howen,ghowen57@cdc.gov,Female,48.71.124.228
189,Vilhelmina,Corwin,vcorwin58@histats.com,Female,38.206.61.172
190,Worth,Oliveira,woliveira59@cbc.ca,Male,116.61.34.190
191,Dar,Aprahamian,daprahamian5a@geocities.jp,Male,14.142.115.182
192,Arielle,Cobley,acobley5b@answers.com,Female,124.86.252.32
193,Madalena,Burgane,mburgane5c@redcross.org,Female,90.107.85.47
194,Alva,Guyet,aguyet5d@ameblo.jp,Male,206.30.20.45
195,Mela,Bum,mbum5e@bbb.org,Female,172.88.186.238
196,North,Van der Kruis,nvanderkruis5f@fc2.com,Male,149.183.9.12
197,Sophey,Mahmood,smahmood5g@craigslist.org,Female,60.39.64.90
198,Merv,Demeter,mdemeter5h@purevolume.com,Male,109.49.136.199
199,Lennie,Corley,lcorley5i@freewebs.com,Male,238.86.208.205
200,Loy,Goodie,lgoodie5j@narod.ru,Male,232.56.150.191
201,Puff,Crebott,pcrebott5k@posterous.com,Male,123.142.131.239
202,Goldie,Melan,gmelan5l@accuweather.com,Female,183.235.38.86
203,Rance,Fidler,rfidler5m@europa.eu,Male,145.109.127.105
204,Cortney,Harp,charp5n@privacy.gov.au,Female,90.100.108.228
205,Erskine,Fessions,efessions5o@nydailynews.com,Male,91.236.227.14
206,Gwendolin,Skryne,gskryne5p@purevolume.com,Female,238.191.93.33
207,Vicky,Clampe,vclampe5q@reuters.com,Female,186.23.245.163
208,Fionna,Kenningham,fkenningham5r@europa.eu,Female,223.65.225.104
209,Haley,Ransome,hransome5s@nba.com,Male,107.163.62.134
210,Carmella,Yurchenko,cyurchenko5t@multiply.com,Female,97.187.75.216
211,Natala,Burnsyde,nburnsyde5u@google.de,Female,218.162.174.170
212,Kathrine,Foy,kfoy5v@ustream.tv,Female,255.140.123.197
213,Kelcie,Sterricker,ksterricker5w@yellowbook.com,Female,228.145.116.178
214,Mattie,Engel,mengel5x@nps.gov,Female,68.247.69.129
215,Jeth,Vasilevich,jvasilevich5y@dion.ne.jp,Male,77.57.252.145
216,Irvine,Emney,iemney5z@bing.com,Male,106.37.109.46
217,Verine,Thowes,vthowes60@mozilla.org,Female,107.96.30.232
218,Glynnis,Bynold,gbynold61@infoseek.co.jp,Female,50.29.249.27
219,Briny,Ricci,bricci62@nationalgeographic.com,Female,124.194.229.8
220,Jerrold,Bollands,jbollands63@usatoday.com,Male,28.17.184.157
221,Obadiah,Ebbutt,oebbutt64@behance.net,Male,164.54.174.84
222,Jeddy,Seeger,jseeger65@illinois.edu,Male,33.48.54.84
223,Esme,Quan,equan66@sun.com,Male,97.132.221.188
224,Carla,Tideswell,ctideswell67@independent.co.uk,Female,139.28.94.6
225,Andeee,Sarten,asarten68@indiegogo.com,Female,26.124.149.8
226,Claire,Putson,cputson69@slideshare.net,Female,88.107.196.1
227,Milzie,Cicculi,mcicculi6a@bloomberg.com,Female,218.148.223.74
228,Gertrudis,Gilston,ggilston6b@examiner.com,Female,75.11.223.137
229,Towny,Fussey,tfussey6c@gizmodo.com,Male,183.248.144.88
230,Ericka,Crookall,ecrookall6d@histats.com,Female,252.225.140.222
231,Ludovico,Tiernan,ltiernan6e@topsy.com,Male,225.13.195.48
232,Audre,Tagg,atagg6f@prlog.org,Female,30.87.110.163
233,Lucas,Willoughey,lwilloughey6g@163.com,Male,87.208.240.153
234,Annadiana,Ziemke,aziemke6h@yolasite.com,Female,60.141.102.134
235,Larisa,Westmore,lwestmore6i@house.gov,Female,172.51.210.43
236,Heath,Ruzek,hruzek6j@bbb.org,Male,123.188.116.246
237,Cleveland,Ogger,cogger6k@i2i.jp,Male,171.242.236.244
238,Dougie,Biddy,dbiddy6l@addtoany.com,Male,162.68.51.68
239,Redd,Kilbourn,rkilbourn6m@archive.org,Male,140.68.45.84
240,Bibi,Branton,bbranton6n@gizmodo.com,Female,238.113.220.61
241,Lemmy,Dacey,ldacey6o@ocn.ne.jp,Male,63.213.197.65
242,Vanni,Luby,vluby6p@google.it,Female,237.161.110.146
243,Aubrey,Dunbar,adunbar6q@engadget.com,Male,121.58.173.184
244,Urbain,Bullin,ubullin6r@phoca.cz,Male,248.114.218.49
245,Bucky,Cuthill,bcuthill6s@skyrock.com,Male,185.38.140.171
246,Ileane,Casaroli,icasaroli6t@go.com,Female,39.164.104.171
247,Tonia,Keys,tkeys6u@elpais.com,Female,121.23.147.85
248,Jourdan,Paddy,jpaddy6v@etsy.com,Female,145.107.86.227
249,Dieter,O'Hagan,dohagan6w@parallels.com,Male,200.136.126.138
250,Say,Kobus,skobus6x@nbcnews.com,Male,27.178.51.171
251,Crin,Benedito,cbenedito6y@walmart.com,Female,150.13.163.233
252,Jess,Reames,jreames6z@bloglovin.com,Male,172.123.144.31
253,Reggis,Scala,rscala70@paypal.com,Male,155.236.50.170
254,Mavis,Oxtoby,moxtoby71@shop-pro.jp,Female,124.21.29.55
255,Winny,Victory,wvictory72@walmart.com,Female,190.205.98.203
256,Haley,Chilcotte,hchilcotte73@hud.gov,Male,144.55.122.184
257,Gillian,Sked,gsked74@plala.or.jp,Female,56.236.146.124
258,Pieter,Danielian,pdanielian75@desdev.cn,Male,212.40.45.121
259,Claire,Jewson,cjewson76@google.de,Male,252.25.234.120
260,Ginger,Leall,gleall77@csmonitor.com,Female,209.79.67.41
261,Benjy,Connechy,bconnechy78@wikipedia.org,Male,103.255.118.63
262,Ermin,Gruszczak,egruszczak79@pcworld.com,Male,85.133.16.209
263,Ab,Grebner,agrebner7a@mtv.com,Male,179.112.88.199
264,Consalve,Trevithick,ctrevithick7b@uiuc.edu,Male,188.210.19.4
265,Britt,MacIver,bmaciver7c@ucoz.com,Female,138.208.12.65
266,Reginauld,Do,rdo7d@nasa.gov,Male,156.180.50.27
267,Wallie,Lazarus,wlazarus7e@wikia.com,Male,225.244.36.195
268,Chase,De Zamudio,cdezamudio7f@samsung.com,Male,52.194.191.36
269,Jennilee,Fontin,jfontin7g@miibeian.gov.cn,Female,19.201.15.23
270,Alva,Male,amale7h@goo.ne.jp,Male,81.105.140.251
271,Gwynne,Aked,gaked7i@w3.org,Female,33.148.206.234
272,Fayina,Bloore,fbloore7j@csmonitor.com,Female,186.135.223.99
273,Kermy,Dikelin,kdikelin7k@usa.gov,Male,36.65.95.253
274,Bab,Dillamore,bdillamore7l@hostgator.com,Female,55.142.241.15
275,Moselle,Ambrosoli,mambrosoli7m@npr.org,Female,245.160.158.98
276,Stanislas,Wardrop,swardrop7n@ftc.gov,Male,66.0.91.50
277,Gisele,Maffiotti,gmaffiotti7o@zimbio.com,Female,242.33.231.157
278,Shanan,Haversham,shaversham7p@studiopress.com,Male,22.163.120.166
279,Oralla,Eisikowitch,oeisikowitch7q@dagondesign.com,Female,127.130.197.72
280,Hamel,Rhymer,hrhymer7r@buzzfeed.com,Male,183.202.1.123
281,Gregg,Sime,gsime7s@nhs.uk,Male,207.220.115.213
282,Roderigo,Giacomasso,rgiacomasso7t@soundcloud.com,Male,180.31.64.31
283,Clare,Ambrosoni,cambrosoni7u@mayoclinic.com,Female,224.20.201.152
284,Isidor,Rewcassell,irewcassell7v@ftc.gov,Male,25.10.88.209
285,Eldredge,Surguine,esurguine7w@domainmarket.com,Male,113.169.124.166
286,Pam,Lared,plared7x@wordpress.org,Female,53.39.128.242
287,Merill,Footitt,mfootitt7y@ocn.ne.jp,Male,140.110.50.133
288,Hort,Boshell,hboshell7z@webmd.com,Male,28.61.172.243
289,Robbie,Petraitis,rpetraitis80@jimdo.com,Female,140.244.237.33
290,Kelsy,Kirgan,kkirgan81@elegantthemes.com,Female,17.243.23.17
291,Lorita,Snozzwell,lsnozzwell82@over-blog.com,Female,201.14.40.246
292,Iorgos,Mendenhall,imendenhall83@stumbleupon.com,Male,75.233.60.84
293,Vick,Norcop,vnorcop84@umich.edu,Male,159.140.90.59
294,Anya,Abatelli,aabatelli85@sun.com,Female,245.170.71.19
295,Arley,Treadaway,atreadaway86@arizona.edu,Male,189.53.162.33
296,Richmond,Gwillyam,rgwillyam87@e-recht24.de,Male,253.205.248.221
297,Lind,Passie,lpassie88@miitbeian.gov.cn,Female,226.35.156.214
298,Noelle,Aguirrezabala,naguirrezabala89@odnoklassniki.ru,Female,115.56.13.225
299,Merry,Sneezem,msneezem8a@amazonaws.com,Male,23.60.30.48
300,Osborn,Demonge,odemonge8b@mayoclinic.com,Male,196.108.155.87
301,Margalit,Brann,mbrann8c@i2i.jp,Female,246.6.32.8
302,Sargent,Campagne,scampagne8d@economist.com,Male,107.155.53.36
303,Ashly,Nunes Nabarro,anunesnabarro8e@microsoft.com,Female,169.35.48.150
304,Ody,Castanie,ocastanie8f@bing.com,Male,29.161.58.217
305,Margeaux,Shoutt,mshoutt8g@indiatimes.com,Female,7.84.136.136
306,Wandie,Venditto,wvenditto8h@usgs.gov,Female,229.206.209.125
307,Kata,Hendren,khendren8i@slashdot.org,Female,177.246.56.5
308,Yolande,Hammell,yhammell8j@foxnews.com,Female,220.160.235.57
309,Randa,Rivalland,rrivalland8k@storify.com,Female,126.12.54.212
310,Xymenes,Engley,xengley8l@geocities.jp,Male,96.254.101.190
311,Yasmeen,Carreck,ycarreck8m@alibaba.com,Female,212.97.9.64
312,Thom,Waghorne,twaghorne8n@reuters.com,Male,184.101.136.115
313,Rene,Stoppe,rstoppe8o@devhub.com,Female,176.93.24.178
314,Bernelle,Pitcher,bpitcher8p@spotify.com,Female,156.107.154.112
315,Layton,Robinet,lrobinet8q@alibaba.com,Male,61.162.140.95
316,Margo,Maiklem,mmaiklem8r@gnu.org,Female,102.9.136.149
317,Kipp,Drinkwater,kdrinkwater8s@rambler.ru,Male,29.140.82.17
318,Bobbie,Hansberry,bhansberry8t@paypal.com,Female,119.173.124.191
319,Neel,Yeld,nyeld8u@ebay.co.uk,Male,109.41.210.120
320,Shaine,Patnelli,spatnelli8v@spotify.com,Female,247.209.139.163
321,Violet,Mumberson,vmumberson8w@hud.gov,Female,114.14.96.113
322,Janela,Ellesworth,jellesworth8x@angelfire.com,Female,3.195.180.75
323,Shea,Champkin,schampkin8y@over-blog.com,Female,55.62.55.194
324,Allan,MacVean,amacvean8z@shareasale.com,Male,209.18.164.194
325,Benyamin,Lote,blote90@cbc.ca,Male,127.14.224.187
326,Rikki,Chape,rchape91@163.com,Female,176.89.211.158
327,Beck,Sevior,bsevior92@vistaprint.com,Male,206.190.200.70
328,Jonie,Rolingson,jrolingson93@ovh.net,Female,150.157.29.102
329,Randy,Phateplace,rphateplace94@github.com,Male,183.40.248.5
330,Lavinie,Klehn,lklehn95@feedburner.com,Female,139.82.22.247
331,Woody,Shotter,wshotter96@paginegialle.it,Male,7.101.165.196
332,Antoinette,Lofts,alofts97@deliciousdays.com,Female,213.33.217.223
333,Zollie,Matussov,zmatussov98@elpais.com,Male,119.152.152.181
334,Simonette,Trenaman,strenaman99@bing.com,Female,102.31.217.253
335,Breanne,Kensington,bkensington9a@dion.ne.jp,Female,33.91.171.64
336,Teena,Negus,tnegus9b@vk.com,Female,121.107.10.16
337,Grethel,Lorraine,glorraine9c@joomla.org,Female,174.120.122.103
338,Rosalinde,Treble,rtreble9d@ifeng.com,Female,76.180.107.43
339,Giacopo,Mapston,gmapston9e@virginia.edu,Male,194.6.252.80
340,Saunder,Mildner,smildner9f@wix.com,Male,62.69.64.116
341,Ingrid,Redmille,iredmille9g@multiply.com,Female,200.111.228.194
342,Chloris,Gommey,cgommey9h@unblog.fr,Female,57.3.186.103
343,Eydie,Rawling,erawling9i@about.com,Female,28.254.131.101
344,Brade,Enefer,benefer9j@usgs.gov,Male,40.174.22.37
345,Joli,Anthonsen,janthonsen9k@sitemeter.com,Female,128.58.80.71
346,Mickey,Knaggs,mknaggs9l@mapy.cz,Male,251.62.189.200
347,Meghann,Carnew,mcarnew9m@biblegateway.com,Female,75.59.90.200
348,Lorry,Tzuker,ltzuker9n@storify.com,Female,79.88.253.22
349,Lindsy,Devita,ldevita9o@cmu.edu,Female,11.255.23.19
350,Janeta,Cornish,jcornish9p@t-online.de,Female,49.148.206.88
351,Mischa,Bourgaize,mbourgaize9q@google.es,Male,165.235.229.84
352,Lowrance,Gemmell,lgemmell9r@sphinn.com,Male,142.248.156.72
353,Patten,Lumley,plumley9s@google.com.au,Male,112.201.185.23
354,Vance,De Morena,vdemorena9t@plala.or.jp,Male,126.18.213.32
355,Ann-marie,Bletsoe,abletsoe9u@amazonaws.com,Female,248.80.139.250
356,Ricky,Chaloner,rchaloner9v@soundcloud.com,Female,179.0.89.41
357,Carmelina,Senten,csenten9w@jugem.jp,Female,45.85.233.57
358,Willie,Reape,wreape9x@china.com.cn,Female,144.46.42.215
359,Dave,Kenton,dkenton9y@psu.edu,Male,101.169.2.96
360,Normie,Tiller,ntiller9z@disqus.com,Male,26.82.102.71
361,Lammond,Apfel,lapfela0@1688.com,Male,98.114.45.229
362,Kendal,Hanratty,khanrattya1@delicious.com,Male,253.236.139.39
363,Torie,Mangenot,tmangenota2@sourceforge.net,Female,214.5.74.140
364,Melva,Sweed,msweeda3@tuttocitta.it,Female,56.61.70.91
365,Murvyn,Le Friec,mlefrieca4@deliciousdays.com,Male,246.77.80.149
366,Riley,Toth,rtotha5@over-blog.com,Male,89.57.175.37
367,Mayer,Perrett,mperretta6@alibaba.com,Male,228.155.85.243
368,Hector,McAlarney,hmcalarneya7@umich.edu,Male,23.171.133.123
369,Roseline,Peer,rpeera8@intel.com,Female,128.110.76.69
370,Alphonse,Rysdale,arysdalea9@hatena.ne.jp,Male,148.116.63.200
371,Urbano,Langelay,ulangelayaa@purevolume.com,Male,34.97.75.7
372,Reggis,Hebson,rhebsonab@foxnews.com,Male,202.246.57.147
373,Ephrayim,Keogh,ekeoghac@ebay.com,Male,222.75.55.143
374,Aurelie,Brunesco,abrunescoad@posterous.com,Female,233.48.94.175
375,Waldemar,Darycott,wdarycottae@lulu.com,Male,235.71.35.61
376,Washington,Newport,wnewportaf@a8.net,Male,44.251.152.126
377,Joshuah,Lacrouts,jlacroutsag@vistaprint.com,Male,229.98.90.106
378,Gertie,Naisbitt,gnaisbittah@house.gov,Female,209.214.234.130
379,Nissie,Rentilll,nrentilllai@paypal.com,Female,160.12.176.198
380,Minda,Wharfe,mwharfeaj@dagondesign.com,Female,137.169.247.139
381,Bjorn,Vanstone,bvanstoneak@ebay.com,Male,37.102.205.236
382,Samara,Gilardi,sgilardial@webs.com,Female,155.185.240.195
383,Gunar,Bosche,gboscheam@yahoo.co.jp,Male,47.213.117.225
384,Hamel,Mulvany,hmulvanyan@printfriendly.com,Male,187.157.180.87
385,Archibald,Turney,aturneyao@ca.gov,Male,251.132.255.150
386,Sampson,Olek,solekap@mit.edu,Male,18.207.244.117
387,Gage,Paffett,gpaffettaq@harvard.edu,Male,56.11.132.150
388,Arlin,Easby,aeasbyar@sina.com.cn,Male,98.242.150.216
389,Charin,Haglington,chaglingtonas@blogs.com,Female,26.139.65.39
390,Normand,Hardesty,nhardestyat@csmonitor.com,Male,236.51.67.60
391,Donetta,Prose,dproseau@1und1.de,Female,40.152.249.166
392,Vera,Niaves,vniavesav@tripadvisor.com,Female,5.125.242.202
393,Dawna,Hightown,dhightownaw@topsy.com,Female,211.119.68.17
394,Willey,Bester,wbesterax@barnesandnoble.com,Male,175.34.8.190
395,Thor,Katz,tkatzay@vk.com,Male,83.245.133.183
396,Ravi,Wheatcroft,rwheatcroftaz@dagondesign.com,Male,38.158.10.150
397,Beck,Toffolo,btoffolob0@google.fr,Male,44.10.59.105
398,Doretta,Barabisch,dbarabischb1@vimeo.com,Female,216.28.217.92
399,Jsandye,Baiyle,jbaiyleb2@berkeley.edu,Female,51.114.69.88
400,Major,Ottewell,mottewellb3@prweb.com,Male,69.55.78.43
401,Gaile,Kiehne,gkiehneb4@xinhuanet.com,Male,172.158.12.43
402,Kalvin,Dobbie,kdobbieb5@pinterest.com,Male,108.87.190.204
403,Valery,Riccetti,vriccettib6@cnn.com,Female,127.242.66.104
404,Chere,Hoyte,choyteb7@gravatar.com,Female,49.217.182.232
405,Orland,Serck,oserckb8@mozilla.com,Male,50.87.113.91
406,Elianore,Balfre,ebalfreb9@wunderground.com,Female,36.121.22.184
407,Nadeen,Sybbe,nsybbeba@chicagotribune.com,Female,5.144.145.57
408,Ofilia,Yannikov,oyannikovbb@prlog.org,Female,229.48.209.216
409,Chilton,Gainor,cgainorbc@tamu.edu,Male,247.221.210.227
410,Lolita,Belone,lbelonebd@cbsnews.com,Female,213.224.94.40
411,Shellie,Tebald,stebaldbe@comcast.net,Female,194.58.170.129
412,Elna,Walisiak,ewalisiakbf@163.com,Female,50.65.146.195
413,Thaxter,Blaxlande,tblaxlandebg@nsw.gov.au,Male,224.157.127.39
414,Rooney,Vatini,rvatinibh@4shared.com,Male,105.82.223.232
415,Ban,Burnsides,bburnsidesbi@qq.com,Male,225.13.39.29
416,Lillis,Bason,lbasonbj@mashable.com,Female,47.20.54.57
417,Alvin,Kensitt,akensittbk@shinystat.com,Male,255.146.13.116
418,Olav,Eakly,oeaklybl@e-recht24.de,Male,121.255.131.206
419,Shalne,McPolin,smcpolinbm@about.me,Female,42.209.230.98
420,Pooh,Cassells,pcassellsbn@tmall.com,Female,29.73.221.171
421,Chloe,Glasgow,cglasgowbo@eepurl.com,Female,206.71.176.1
422,Gaston,Lappin,glappinbp@prnewswire.com,Male,77.230.138.191
423,Nickie,Hooks,nhooksbq@example.com,Male,152.145.88.112
424,Randee,Rajchert,rrajchertbr@woothemes.com,Female,212.203.252.73
425,Cesar,Keunemann,ckeunemannbs@cafepress.com,Male,203.52.11.140
426,Shaylah,Budibent,sbudibentbt@moonfruit.com,Female,7.17.213.224
427,Jonas,Gossart,jgossartbu@reuters.com,Male,193.43.134.183
428,Harman,Hawthorne,hhawthornebv@arstechnica.com,Male,184.127.133.240
429,Tersina,Swatheridge,tswatheridgebw@1und1.de,Female,88.4.7.121
430,Ogdon,Faircliffe,ofaircliffebx@phpbb.com,Male,140.255.222.161
431,Paulina,Schiefersten,pschieferstenby@cyberchimps.com,Female,183.8.250.81
432,Ax,Ferrino,aferrinobz@washington.edu,Male,215.214.28.115
433,Albrecht,Snedker,asnedkerc0@imgur.com,Male,152.119.124.102
434,Cynthea,Grayland,cgraylandc1@people.com.cn,Female,200.236.189.176
435,Aldin,Davidovici,adavidovicic2@twitter.com,Male,227.21.145.238
436,Quintus,Brookwell,qbrookwellc3@nifty.com,Male,180.13.177.224
437,Ellerey,Rennenbach,erennenbachc4@goo.gl,Male,85.46.232.0
438,Aguste,Yitzowitz,ayitzowitzc5@ed.gov,Male,252.34.88.196
439,Conway,Brookbank,cbrookbankc6@pagesperso-orange.fr,Male,67.162.239.28
440,Ciel,Garnsworth,cgarnsworthc7@mit.edu,Female,80.15.128.66
441,Karly,Ship,kshipc8@opera.com,Female,237.249.120.71
442,Tandy,Itzkovwich,titzkovwichc9@java.com,Female,104.36.226.75
443,Colan,Flemyng,cflemyngca@miibeian.gov.cn,Male,27.192.23.57
444,Wrennie,Dracey,wdraceycb@home.pl,Female,51.204.50.183
445,Monro,D'Agostini,mdagostinicc@taobao.com,Male,28.53.115.120
446,Filippo,Izod,fizodcd@cyberchimps.com,Male,93.190.205.207
447,Neils,Kitman,nkitmance@instagram.com,Male,229.216.246.52
448,Carmela,Bolland,cbollandcf@walmart.com,Female,58.230.78.35
449,Godfry,Harvard,gharvardcg@squidoo.com,Male,81.176.45.12
450,Irving,Menere,imenerech@ycombinator.com,Male,93.167.2.192
451,Kenneth,Diego,kdiegoci@unesco.org,Male,175.241.72.218
452,Angel,Cremins,acreminscj@arstechnica.com,Female,9.9.133.237
453,Gretel,Featherstonhaugh,gfeatherstonhaughck@odnoklassniki.ru,Female,172.25.4.52
454,Cameron,Bischoff,cbischoffcl@chicagotribune.com,Male,51.24.109.210
455,Guillemette,Endrici,gendricicm@bloglines.com,Female,116.11.26.135
456,Stella,Reader,sreadercn@bbb.org,Female,1.86.154.148
457,Giffy,Dugue,gdugueco@foxnews.com,Male,173.153.138.69
458,Jon,MacDonnell,jmacdonnellcp@php.net,Male,98.122.202.19
459,Bertine,Tampen,btampencq@house.gov,Female,111.207.106.78
460,Marleah,Carayol,mcarayolcr@vistaprint.com,Female,32.145.28.143
461,Pearline,Locke,plockecs@census.gov,Female,170.237.125.13
462,Sal,Hazeldean,shazeldeanct@meetup.com,Female,37.240.114.99
463,Samaria,Charman,scharmancu@cnbc.com,Female,57.51.231.241
464,Alanson,O'Harney,aoharneycv@salon.com,Male,140.190.217.205
465,Ruby,Coutts,rcouttscw@tumblr.com,Male,193.233.134.79
466,Anthia,Gaunson,agaunsoncx@ucoz.ru,Female,2.41.50.192
467,Hyacinthe,Robert,hrobertcy@rediff.com,Female,165.153.20.185
468,Stacy,Saich,ssaichcz@360.cn,Female,36.238.248.15
469,Wakefield,Larder,wlarderd0@livejournal.com,Male,226.117.220.29
470,Shannon,De Ferraris,sdeferrarisd1@phpbb.com,Male,136.120.118.38
471,Hunter,Twittey,htwitteyd2@reuters.com,Male,254.34.108.64
472,Nadine,Laviste,nlavisted3@netscape.com,Female,5.11.7.85
473,Donnell,Langmuir,dlangmuird4@odnoklassniki.ru,Male,217.145.154.158
474,Bax,Dwire,bdwired5@google.com.br,Male,120.186.146.225
475,Emylee,Barnard,ebarnardd6@imdb.com,Female,239.110.152.94
476,Ladonna,Durnall,ldurnalld7@google.ru,Female,142.8.196.119
477,Carma,Dulany,cdulanyd8@photobucket.com,Female,232.239.52.21
478,Sandor,Strank,sstrankd9@jiathis.com,Male,49.194.227.44
479,Theda,Cicullo,tciculloda@jigsy.com,Female,55.51.205.245
480,Margi,MacLaig,mmaclaigdb@tinypic.com,Female,234.211.107.34
481,Rriocard,Ulyat,rulyatdc@bloglovin.com,Male,83.168.133.74
482,Germaine,Halfhyde,ghalfhydedd@wp.com,Male,226.213.220.129
483,Arielle,McKomb,amckombde@ibm.com,Female,160.193.88.41
484,Leonelle,Kitlee,lkitleedf@reverbnation.com,Female,174.35.101.197
485,Alec,Duly,adulydg@dell.com,Male,60.193.105.224
486,Linnell,Doag,ldoagdh@jiathis.com,Female,155.232.151.246
487,Jackie,Iston,jistondi@answers.com,Female,191.238.84.112
488,Jamison,Bim,jbimdj@ox.ac.uk,Male,231.127.143.174
489,Nickolaus,Castelow,ncastelowdk@thetimes.co.uk,Male,79.79.13.181
490,Eveleen,Venour,evenourdl@joomla.org,Female,97.4.130.146
491,Bernette,Downes,bdownesdm@amazon.com,Female,63.6.190.197
492,Delainey,Pedrazzi,dpedrazzidn@sohu.com,Male,127.123.193.90
493,Bryn,Taberer,btabererdo@thetimes.co.uk,Male,77.196.230.253
494,Kathryn,Leele,kleeledp@un.org,Female,191.4.143.51
495,Rani,Keirl,rkeirldq@vkontakte.ru,Female,166.59.167.105
496,Gauthier,Frankiewicz,gfrankiewiczdr@w3.org,Male,205.179.189.173
497,Kellby,Ortiga,kortigads@last.fm,Male,252.35.201.21
498,Maddie,Ladell,mladelldt@taobao.com,Female,162.190.218.174
499,Elliott,Ivens,eivensdu@bloglovin.com,Male,27.110.96.39
500,Mathilda,Grinstead,mgrinsteaddv@amazonaws.com,Female,245.123.30.144
501,Elston,Fayerbrother,efayerbrotherdw@digg.com,Male,46.110.100.111
502,Fawn,Phlipon,fphlipondx@webs.com,Female,123.60.237.224
503,Jeannie,Beniesh,jbenieshdy@youtu.be,Female,1.88.233.2
504,Laurent,Laweles,llawelesdz@google.com.au,Male,192.201.247.69
505,Giusto,Musso,gmussoe0@japanpost.jp,Male,167.240.112.81
506,Tonye,Lawrey,tlawreye1@netscape.com,Female,72.191.190.123
507,Orren,Saben,osabene2@barnesandnoble.com,Male,229.177.45.62
508,Adel,Colisbe,acolisbee3@ameblo.jp,Female,21.35.173.0
509,Roldan,Inde,rindee4@constantcontact.com,Male,148.193.212.206
510,Staffard,Fennessy,sfennessye5@devhub.com,Male,123.76.81.189
511,Hadrian,Kramer,hkramere6@pbs.org,Male,150.112.172.38
512,Dillon,Beacock,dbeacocke7@spiegel.de,Male,191.34.213.89
513,Frank,Rayer,frayere8@ed.gov,Male,42.60.230.191
514,Berky,Swainson,bswainsone9@ucla.edu,Male,69.229.42.87
515,Normie,Rainsden,nrainsdenea@ehow.com,Male,17.193.177.42
516,Rog,Congreave,rcongreaveeb@mapy.cz,Male,74.39.200.121
517,Karim,Dalyell,kdalyellec@digg.com,Male,74.9.150.16
518,Hildegaard,Tyres,htyresed@stumbleupon.com,Female,64.79.200.67
519,Vanya,Simionato,vsimionatoee@china.com.cn,Female,71.1.134.118
520,Geri,Howsley,ghowsleyef@bloglines.com,Female,109.251.17.45
521,Robert,Skewes,rskeweseg@yellowbook.com,Male,157.99.125.170
522,Gasper,Reims,greimseh@archive.org,Male,91.246.228.109
523,Harlin,Malyan,hmalyanei@goo.ne.jp,Male,240.96.196.75
524,Alic,Yesichev,ayesichevej@nytimes.com,Male,134.198.240.51
525,Bertha,Epinoy,bepinoyek@twitpic.com,Female,157.43.117.84
526,Karmen,Owbridge,kowbridgeel@yahoo.co.jp,Female,208.47.128.74
527,Francene,Besnardeau,fbesnardeauem@flickr.com,Female,45.73.8.55
528,Quintina,Wickman,qwickmanen@drupal.org,Female,13.198.102.34
529,Pattie,Sanbrook,psanbrookeo@miibeian.gov.cn,Female,93.253.248.37
530,Emili,Axton,eaxtonep@creativecommons.org,Female,63.33.22.220
531,Cleopatra,Tesdale,ctesdaleeq@addthis.com,Female,249.124.223.93
532,Odelinda,Santo,osantoer@slideshare.net,Female,186.157.173.126
533,Jonas,Stote,jstotees@census.gov,Male,112.107.193.21
534,Alma,Carter,acarteret@amazon.de,Female,105.195.137.58
535,Rhona,Cutbush,rcutbusheu@purevolume.com,Female,233.111.175.119
536,Stearne,Jovasevic,sjovasevicev@yandex.ru,Male,197.215.75.95
537,Kienan,Rennebach,krennebachew@homestead.com,Male,57.209.207.7
538,Filippa,Jira,fjiraex@oracle.com,Female,149.73.152.76
539,Lanna,Barford,lbarfordey@globo.com,Female,238.155.17.222
540,Bradford,Fruser,bfruserez@loc.gov,Male,159.215.188.63
541,Dalis,Winkworth,dwinkworthf0@squidoo.com,Male,73.103.185.209
542,Kiri,Dot,kdotf1@dagondesign.com,Female,254.7.245.140
543,Symon,Newey,sneweyf2@examiner.com,Male,51.107.138.2
544,Rodolfo,Murtagh,rmurtaghf3@princeton.edu,Male,46.192.170.24
545,Herbie,Costanza,hcostanzaf4@eepurl.com,Male,192.22.158.156
546,Chuck,Lohde,clohdef5@bizjournals.com,Male,14.23.29.132
547,Laurel,Plan,lplanf6@weather.com,Female,151.118.7.110
548,Hayes,Glitherow,hglitherowf7@accuweather.com,Male,187.24.97.181
549,Maggy,Fowell,mfowellf8@spiegel.de,Female,201.60.94.61
550,Regine,Bohl,rbohlf9@nih.gov,Female,32.70.147.19
551,Zach,Aron,zaronfa@woothemes.com,Male,125.130.68.33
552,Farris,Rolfe,frolfefb@nytimes.com,Male,172.183.215.196
553,Kalvin,Whitmarsh,kwhitmarshfc@twitpic.com,Male,249.21.229.61
554,Norine,Burdfield,nburdfieldfd@foxnews.com,Female,164.171.127.102
555,Jayne,Antoszczyk,jantoszczykfe@blinklist.com,Female,128.15.86.116
556,Wade,Gateley,wgateleyff@narod.ru,Male,9.13.178.223
557,Cate,MacGoun,cmacgounfg@hp.com,Female,67.156.75.27
558,Cathie,Gowland,cgowlandfh@hhs.gov,Female,184.53.100.39
559,Courtenay,Senecaut,csenecautfi@phpbb.com,Female,221.165.37.90
560,Inness,Gatheral,igatheralfj@buzzfeed.com,Male,207.100.42.48
561,Boigie,Lambourne,blambournefk@msn.com,Male,28.211.154.109
562,Adriaens,Gilmour,agilmourfl@dailymotion.com,Female,165.158.177.231
563,Timmie,Dowty,tdowtyfm@ycombinator.com,Male,159.187.227.68
564,Sherm,Mounce,smouncefn@time.com,Male,228.92.240.229
565,Caril,Eick,ceickfo@economist.com,Female,131.6.246.160
566,Riccardo,Sleith,rsleithfp@meetup.com,Male,188.59.206.77
567,Mycah,McConaghy,mmcconaghyfq@scribd.com,Male,0.118.251.9
568,Fredek,Scrace,fscracefr@theglobeandmail.com,Male,117.252.55.4
569,Sayre,Wallentin,swallentinfs@alibaba.com,Female,184.139.23.205
570,Consolata,Ninnis,cninnisft@google.it,Female,225.24.116.118
571,Zaneta,Studman,zstudmanfu@fastcompany.com,Female,241.147.140.177
572,Gilberta,Byforth,gbyforthfv@odnoklassniki.ru,Female,116.23.148.64
573,Donnell,Lewton,dlewtonfw@qq.com,Male,56.253.24.184
574,Nealson,Kenwright,nkenwrightfx@utexas.edu,Male,195.185.118.30
575,Demetre,Bartalot,dbartalotfy@cnet.com,Male,28.130.13.197
576,Brunhilde,Shelley,bshelleyfz@opera.com,Female,16.103.194.255
577,Corilla,Hanratty,chanrattyg0@prlog.org,Female,20.62.190.59
578,Therine,De Roberto,tderobertog1@vinaora.com,Female,215.208.145.43
579,Dimitri,Stienton,dstientong2@ebay.co.uk,Male,164.187.222.36
580,Nancy,Toffanini,ntoffaninig3@blogspot.com,Female,25.237.176.174
581,Grenville,Breinlein,gbreinleing4@pagesperso-orange.fr,Male,216.98.6.98
582,Elizabeth,Geaney,egeaneyg5@japanpost.jp,Female,250.32.1.65
583,Mitchel,Sorbey,msorbeyg6@dell.com,Male,84.29.225.95
584,Benji,Leynham,bleynhamg7@flickr.com,Male,24.149.37.149
585,Hillier,Petrak,hpetrakg8@sbwire.com,Male,160.244.182.219
586,Elise,O'Mara,eomarag9@surveymonkey.com,Female,62.64.131.167
587,Leland,Elnaugh,lelnaughga@youtu.be,Female,196.6.66.148
588,Finn,Senett,fsenettgb@wufoo.com,Male,217.166.199.99
589,Bryn,Slograve,bslogravegc@twitter.com,Female,147.244.234.88
590,Selina,Kulic,skulicgd@ftc.gov,Female,90.152.63.200
591,Wyn,Balazot,wbalazotge@webnode.com,Male,200.151.85.130
592,Ignace,Rockhall,irockhallgf@google.ca,Male,211.31.46.226
593,Gretal,Mouget,gmougetgg@berkeley.edu,Female,34.153.7.251
594,Eleanor,Marcinkus,emarcinkusgh@posterous.com,Female,226.91.55.101
595,Ethelda,Pauleau,epauleaugi@uol.com.br,Female,68.24.24.35
596,Eustace,Chitty,echittygj@myspace.com,Male,247.254.196.54
597,Ninnette,Suffield,nsuffieldgk@wikispaces.com,Female,57.30.127.250
598,El,Dunckley,edunckleygl@newsvine.com,Male,30.99.31.140
599,Antony,Cortese,acortesegm@unc.edu,Male,174.47.255.62
600,Jory,Seelbach,jseelbachgn@nydailynews.com,Male,212.200.223.106
601,Beniamino,Philps,bphilpsgo@cloudflare.com,Male,180.172.10.120
602,Edgardo,Seyers,eseyersgp@alexa.com,Male,208.233.171.63
603,Dinah,Warrener,dwarrenergq@reference.com,Female,205.29.75.73
604,Dalt,Townshend,dtownshendgr@wordpress.com,Male,172.244.122.105
605,Gustav,Petrik,gpetrikgs@smh.com.au,Male,92.198.36.69
606,Goddart,Bozier,gboziergt@newsvine.com,Male,148.31.45.77
607,Haskel,Jerrolt,hjerroltgu@si.edu,Male,146.2.170.181
608,Ryley,Berrey,rberreygv@smh.com.au,Male,236.30.124.216
609,Kandace,Caunce,kcauncegw@plala.or.jp,Female,141.209.18.102
610,Brigid,Theaker,btheakergx@webeden.co.uk,Female,70.196.229.52
611,Christabel,Larroway,clarrowaygy@admin.ch,Female,185.48.111.95
612,Eddy,Stitt,estittgz@diigo.com,Female,185.15.170.23
613,Maddalena,Aloway,malowayh0@cbslocal.com,Female,155.114.55.56
614,Erastus,Clutten,ecluttenh1@oaic.gov.au,Male,212.229.198.16
615,Roxine,Threlkeld,rthrelkeldh2@google.co.jp,Female,194.43.167.131
616,Ivie,Baffin,ibaffinh3@thetimes.co.uk,Female,124.235.250.66
617,Langsdon,Di Matteo,ldimatteoh4@ehow.com,Male,5.243.221.107
618,Mortimer,Riddel,mriddelh5@fastcompany.com,Male,67.116.204.132
619,Eden,Spiring,espiringh6@census.gov,Female,176.96.90.235
620,Salvador,Santore,ssantoreh7@salon.com,Male,23.110.27.183
621,Grove,Donlon,gdonlonh8@redcross.org,Male,54.137.64.37
622,Dale,Marjoram,dmarjoramh9@blogtalkradio.com,Female,152.209.53.21
623,Corny,Spat,cspatha@blogs.com,Female,251.253.202.123
624,Reeva,Pero,rperohb@histats.com,Female,45.191.196.244
625,Wylma,Claypole,wclaypolehc@who.int,Female,0.152.66.111
626,Beatrisa,Skerratt,bskerratthd@usa.gov,Female,140.186.209.63
627,Quinn,Ciementini,qciementinihe@samsung.com,Male,218.169.132.241
628,Verney,Ainsby,vainsbyhf@stumbleupon.com,Male,198.243.92.36
629,Tabbie,Bolitho,tbolithohg@sfgate.com,Male,149.219.12.4
630,Morie,Bascomb,mbascombhh@oaic.gov.au,Male,150.2.200.219
631,Burton,Forrest,bforresthi@acquirethisname.com,Male,177.77.95.88
632,Tabby,Howard,thowardhj@biglobe.ne.jp,Male,81.96.240.224
633,Catharina,Crowche,ccrowchehk@globo.com,Female,4.165.200.158
634,Jojo,Lant,jlanthl@eepurl.com,Female,211.85.34.97
635,Samaria,Knappe,sknappehm@pagesperso-orange.fr,Female,114.166.178.239
636,Ulysses,MacKartan,umackartanhn@patch.com,Male,42.216.201.169
637,Steffie,Eagar,seagarho@soundcloud.com,Female,94.135.181.110
638,Jakie,Guiducci,jguiduccihp@ask.com,Male,152.98.209.38
639,Rochell,Rentilll,rrentilllhq@army.mil,Female,227.63.124.74
640,Clarabelle,Sneaker,csneakerhr@naver.com,Female,93.253.213.100
641,Blair,McGivena,bmcgivenahs@blogs.com,Male,165.212.228.211
642,Marijo,Klimaszewski,mklimaszewskiht@shutterfly.com,Female,12.72.206.173
643,Andi,Naulty,anaultyhu@w3.org,Female,19.172.65.40
644,Marin,Pietsma,mpietsmahv@ovh.net,Female,179.104.185.90
645,Chandler,Critch,ccritchhw@ehow.com,Male,196.161.80.244
646,Morgen,Neeves,mneeveshx@desdev.cn,Male,5.86.214.69
647,Norby,Philippault,nphilippaulthy@mashable.com,Male,73.82.17.1
648,Myrle,Endrici,mendricihz@yolasite.com,Female,51.146.86.79
649,Gerek,Ashfield,gashfieldi0@pinterest.com,Male,125.27.208.203
650,Nealy,Maus,nmausi1@sakura.ne.jp,Male,73.38.175.144
651,Bambie,Fraschetti,bfraschettii2@amazon.com,Female,68.36.114.32
652,Blondelle,Dun,bduni3@dailymotion.com,Female,30.41.118.58
653,Jorrie,Lindup,jlindupi4@oracle.com,Female,228.129.208.31
654,Magda,Clewes,mclewesi5@skype.com,Female,248.219.58.242
655,Tiebold,Griffoen,tgriffoeni6@tumblr.com,Male,175.209.118.146
656,Norri,Tidbury,ntidburyi7@google.pl,Female,30.79.161.24
657,Kristoffer,Conduit,kconduiti8@google.es,Male,185.25.145.146
658,Tammi,Euplate,teuplatei9@t.co,Female,38.4.229.97
659,Emyle,Baldin,ebaldinia@pbs.org,Female,146.194.188.236
660,Levi,Leith-Harvey,lleithharveyib@virginia.edu,Male,186.135.162.178
661,Christye,MacCrann,cmaccrannic@t-online.de,Female,123.94.161.31
662,Collie,Trevett,ctrevettid@cam.ac.uk,Female,186.203.46.113
663,Lynnet,Enoksson,lenokssonie@cbc.ca,Female,5.118.130.159
664,Chrysa,Bridgestock,cbridgestockif@biglobe.ne.jp,Female,80.171.179.251
665,Delly,Daines,ddainesig@amazon.co.jp,Female,114.180.149.11
666,Doll,Deboick,ddeboickih@ning.com,Female,223.149.238.248
667,Giffy,Nequest,gnequestii@amazon.de,Male,160.243.122.36
668,Nerissa,Saladin,nsaladinij@photobucket.com,Female,194.210.168.153
669,Natividad,Ridgewell,nridgewellik@fema.gov,Female,195.177.84.251
670,Osborne,Kubasiewicz,okubasiewiczil@bloomberg.com,Male,160.221.193.80
671,Haywood,Neenan,hneenanim@bbb.org,Male,55.162.78.149
672,Gavan,Toppes,gtoppesin@ning.com,Male,31.175.116.181
673,Si,Decruse,sdecruseio@live.com,Male,179.251.22.219
674,Virgil,Cameli,vcameliip@addthis.com,Male,97.26.10.148
675,Nikolas,Klich,nklichiq@godaddy.com,Male,168.53.202.79
676,Daveen,Pitchford,dpitchfordir@bbb.org,Female,1.206.244.60
677,Ayn,Physic,aphysicis@digg.com,Female,181.107.92.25
678,Clare,Bessant,cbessantit@go.com,Male,140.148.168.190
679,Willetta,Putten,wputteniu@loc.gov,Female,55.56.166.108
680,Ermina,William,ewilliamiv@vkontakte.ru,Female,139.75.1.156
681,Jereme,Leer,jleeriw@huffingtonpost.com,Male,114.91.187.153
682,Tedmund,Kingsbury,tkingsburyix@parallels.com,Male,56.39.98.182
683,Shae,Heak,sheakiy@aboutads.info,Male,133.241.126.175
684,Vivienne,Calway,vcalwayiz@nymag.com,Female,231.230.9.39
685,Guenna,Maunton,gmauntonj0@arstechnica.com,Female,78.48.44.129
686,Noah,Fulbrook,nfulbrookj1@discuz.net,Male,87.121.32.41
687,Wes,Stanistreet,wstanistreetj2@shinystat.com,Male,227.64.111.1
688,Eadie,Ovise,eovisej3@livejournal.com,Female,130.147.121.152
689,Lezley,Durand,ldurandj4@omniture.com,Male,76.33.72.105
690,Theresa,Melody,tmelodyj5@yale.edu,Female,47.18.160.201
691,Beth,Blowen,bblowenj6@squidoo.com,Female,241.172.196.35
692,Lennie,Neaves,lneavesj7@furl.net,Male,131.36.202.222
693,Quintana,MacMurray,qmacmurrayj8@globo.com,Female,197.122.146.159
694,Elladine,Gwatkins,egwatkinsj9@amazon.com,Female,242.64.156.199
695,Thornie,Norcutt,tnorcuttja@posterous.com,Male,102.25.22.167
696,Doy,Croke,dcrokejb@scribd.com,Male,17.158.70.28
697,Lorena,Smiz,lsmizjc@blog.com,Female,47.88.13.193
698,Riane,Tomasino,rtomasinojd@liveinternet.ru,Female,134.140.105.110
699,Toddy,Longstaff,tlongstaffje@yelp.com,Male,93.140.59.72
700,Koo,McIleen,kmcileenjf@boston.com,Female,221.177.206.58
701,Alidia,Simonite,asimonitejg@mysql.com,Female,36.252.169.202
702,Ortensia,Jermy,ojermyjh@eepurl.com,Female,208.49.214.191
703,Jeth,Stump,jstumpji@google.com.au,Male,26.160.68.45
704,Shane,Knowlman,sknowlmanjj@answers.com,Male,237.161.177.40
705,Natal,Fraulo,nfraulojk@live.com,Male,193.251.202.181
706,Doralin,Rouge,drougejl@ucla.edu,Female,39.56.205.70
707,Donny,Mortlock,dmortlockjm@last.fm,Male,54.222.209.9
708,Britney,Sprowles,bsprowlesjn@wikimedia.org,Female,204.9.104.156
709,Loleta,Cran,lcranjo@vistaprint.com,Female,29.164.43.173
710,Noelle,Cozzi,ncozzijp@google.com.hk,Female,159.117.98.252
711,Dalenna,Labbey,dlabbeyjq@networksolutions.com,Female,24.141.51.198
712,Evvie,Bethell,ebethelljr@examiner.com,Female,30.178.248.245
713,Lurleen,Cadagan,lcadaganjs@sbwire.com,Female,51.9.255.235
714,Bernardina,Hourihane,bhourihanejt@slideshare.net,Female,151.75.86.113
715,Biddy,Nealand,bnealandju@wired.com,Female,233.216.113.99
716,Durand,Staveley,dstaveleyjv@whitehouse.gov,Male,180.203.79.188
717,Iolande,Hegel,ihegeljw@fotki.com,Female,75.16.49.229
718,Stevana,Braunstein,sbraunsteinjx@ftc.gov,Female,27.157.235.162
719,Clarette,Zellner,czellnerjy@apple.com,Female,211.127.204.227
720,Brodie,St. Ledger,bstledgerjz@globo.com,Male,49.95.6.83
721,Padgett,Drepp,pdreppk0@aboutads.info,Male,250.150.209.116
722,Cosimo,Meriton,cmeritonk1@blogs.com,Male,88.8.229.24
723,Renie,Poynser,rpoynserk2@home.pl,Female,24.57.138.116
724,Lucinda,Frise,lfrisek3@so-net.ne.jp,Female,52.10.76.130
725,Thayne,Jirus,tjirusk4@elegantthemes.com,Male,240.39.114.11
726,Tanner,Chmiel,tchmielk5@alibaba.com,Male,154.193.111.227
727,Hana,Learoyd,hlearoydk6@ocn.ne.jp,Female,245.255.48.230
728,Cullin,Brelsford,cbrelsfordk7@hhs.gov,Male,120.192.208.134
729,Chrissie,Paulino,cpaulinok8@mysql.com,Female,35.249.96.207
730,Kermit,Stollsteimer,kstollsteimerk9@cmu.edu,Male,232.36.106.147
731,Veda,Kinson,vkinsonka@drupal.org,Female,72.204.131.102
732,Fernando,Peyto,fpeytokb@disqus.com,Male,157.3.254.132
733,Sherwood,Metrick,smetrickkc@taobao.com,Male,165.189.84.79
734,Theodosia,Kerford,tkerfordkd@amazon.co.jp,Female,15.52.68.195
735,Rex,Allkins,rallkinske@state.tx.us,Male,204.92.0.24
736,Marlee,Kinde,mkindekf@wiley.com,Female,170.89.240.10
737,Brynne,Claire,bclairekg@about.com,Female,215.214.159.64
738,Alvinia,Firmin,afirminkh@delicious.com,Female,97.200.77.219
739,Geraldine,Ditch,gditchki@canalblog.com,Female,160.107.15.0
740,Maible,Queste,mquestekj@amazon.de,Female,127.73.194.213
741,Philippine,Apple,papplekk@sourceforge.net,Female,89.194.93.198
742,Todd,Killigrew,tkilligrewkl@google.nl,Male,168.151.227.245
743,Emmalyn,Garken,egarkenkm@buzzfeed.com,Female,111.60.169.59
744,Rab,Willisch,rwillischkn@buzzfeed.com,Male,147.48.88.131
745,Tadeo,Gibbens,tgibbensko@toplist.cz,Male,232.132.104.204
746,Roz,Meron,rmeronkp@nationalgeographic.com,Female,205.6.199.171
747,Gayla,Allchorn,gallchornkq@jimdo.com,Female,249.238.79.77
748,Norean,Pennick,npennickkr@ameblo.jp,Female,17.119.120.65
749,Abba,Albrighton,aalbrightonks@sfgate.com,Male,89.229.114.187
750,Willi,Beagan,wbeagankt@prweb.com,Male,245.190.104.184
751,Yul,Clooney,yclooneyku@technorati.com,Male,253.226.60.121
752,Cyrill,Cabena,ccabenakv@creativecommons.org,Male,173.128.63.54
753,Karita,MacKibbon,kmackibbonkw@diigo.com,Female,19.159.77.69
754,Jennie,Stollenbeck,jstollenbeckkx@ameblo.jp,Female,79.77.49.140
755,Cyril,MacNish,cmacnishky@auda.org.au,Male,81.136.192.84
756,Toby,McGlew,tmcglewkz@github.io,Female,115.185.92.254
757,Hillyer,Browett,hbrowettl0@google.com.au,Male,132.15.204.237
758,Corby,Duval,cduvall1@drupal.org,Male,244.93.105.73
759,Fidelio,Connelly,fconnellyl2@stumbleupon.com,Male,104.58.29.42
760,Monti,Pagon,mpagonl3@lulu.com,Male,164.54.170.56
761,Sam,Rowthorne,srowthornel4@reference.com,Female,11.197.14.122
762,Maryellen,Stiant,mstiantl5@seesaa.net,Female,228.25.36.169
763,Horacio,Kearey,hkeareyl6@biglobe.ne.jp,Male,36.98.146.100
764,Neille,Makinson,nmakinsonl7@bbb.org,Female,29.223.13.181
765,Teodorico,Stenyng,tstenyngl8@telegraph.co.uk,Male,7.42.65.235
766,Melisent,Sundin,msundinl9@cyberchimps.com,Female,217.172.250.171
767,Terry,Elstub,telstubla@forbes.com,Male,152.218.25.96
768,Kory,Meffin,kmeffinlb@deliciousdays.com,Male,129.6.151.97
769,Giuseppe,Toll,gtolllc@smugmug.com,Male,200.47.119.209
770,Mora,Ratke,mratkeld@360.cn,Female,187.44.62.117
771,Mame,Speerman,mspeermanle@seattletimes.com,Female,142.21.95.182
772,Corrie,Kennon,ckennonlf@blinklist.com,Female,63.48.11.152
773,Bard,Freeman,bfreemanlg@bizjournals.com,Male,110.48.173.26
774,Denver,Pavese,dpaveselh@abc.net.au,Male,215.224.19.63
775,Katherine,Bellard,kbellardli@webnode.com,Female,240.5.10.30
776,Addy,Pedri,apedrilj@reverbnation.com,Male,116.19.4.214
777,Lin,Cicullo,lcicullolk@senate.gov,Female,1.95.85.227
778,Seth,St. Louis,sstlouisll@webnode.com,Male,15.213.211.33
779,Nevil,Ashfold,nashfoldlm@google.cn,Male,140.101.182.235
780,Stillmann,Minear,sminearln@php.net,Male,22.164.96.193
781,Yolanthe,Carlet,ycarletlo@bizjournals.com,Female,202.137.132.184
782,Gradey,Tabourier,gtabourierlp@liveinternet.ru,Male,129.171.164.44
783,Queenie,Jedrzejczyk,qjedrzejczyklq@vinaora.com,Female,19.123.170.21
784,Eldin,Kobelt,ekobeltlr@netlog.com,Male,120.208.44.197
785,Ema,O'Cannavan,eocannavanls@irs.gov,Female,39.101.57.227
786,Filip,Bradburne,fbradburnelt@redcross.org,Male,154.253.219.13
787,Tirrell,Pizer,tpizerlu@twitter.com,Male,59.39.13.185
788,Moshe,Pinching,mpinchinglv@theatlantic.com,Male,177.74.37.70
789,Zedekiah,Dearnly,zdearnlylw@ameblo.jp,Male,117.56.18.141
790,Theo,Yurlov,tyurlovlx@yale.edu,Male,38.7.202.90
791,Korney,Gooday,kgoodayly@wiley.com,Female,239.58.185.100
792,Shalom,Prati,spratilz@netscape.com,Male,62.227.146.35
793,Maxi,Bour,mbourm0@networksolutions.com,Female,209.122.199.69
794,Moll,Rogerot,mrogerotm1@tinyurl.com,Female,112.100.69.125
795,Godard,Kollach,gkollachm2@whitehouse.gov,Male,194.173.199.60
796,Franny,Simenon,fsimenonm3@123-reg.co.uk,Male,78.232.247.38
797,Nickolaus,Fettis,nfettism4@cdbaby.com,Male,188.216.101.71
798,Elisha,Salmoni,esalmonim5@webnode.com,Male,98.24.172.56
799,Donella,D'Aubney,ddaubneym6@whitehouse.gov,Female,148.48.134.108
800,Charmane,Ulster,culsterm7@live.com,Female,83.88.136.90
801,Hamilton,Taysbil,htaysbilm8@fastcompany.com,Male,49.250.147.35
802,Alf,Fulun,afulunm9@reverbnation.com,Male,0.123.173.151
803,Montgomery,Mawer,mmawerma@over-blog.com,Male,6.188.162.201
804,Alfonso,Tow,atowmb@skype.com,Male,2.34.212.198
805,Aili,Heller,ahellermc@deviantart.com,Female,47.122.208.170
806,Hedwig,Logsdail,hlogsdailmd@weebly.com,Female,13.61.190.210
807,Leopold,Poter,lpoterme@china.com.cn,Male,153.28.37.11
808,Bernetta,Izkovicz,bizkoviczmf@123-reg.co.uk,Female,97.100.191.150
809,Ivette,Sirl,isirlmg@gizmodo.com,Female,224.6.36.232
810,Vergil,Marshfield,vmarshfieldmh@cocolog-nifty.com,Male,138.213.159.98
811,Leone,Daviddi,ldaviddimi@soundcloud.com,Female,237.236.215.1
812,Corby,Goom,cgoommj@nih.gov,Male,151.140.201.253
813,Felice,Bolin,fbolinmk@scientificamerican.com,Female,100.89.190.119
814,Noam,Grzelak,ngrzelakml@amazonaws.com,Male,90.163.46.133
815,Timmy,Showalter,tshowaltermm@shareasale.com,Male,135.231.10.236
816,Ruthie,Achrameev,rachrameevmn@newyorker.com,Female,24.247.41.44
817,Bronny,Reven,brevenmo@seattletimes.com,Male,221.144.2.218
818,Albrecht,Murrell,amurrellmp@globo.com,Male,224.234.133.44
819,Sibby,Geibel,sgeibelmq@xing.com,Female,25.165.191.63
820,Roger,Morston,rmorstonmr@amazon.de,Male,124.161.24.135
821,Nikki,Baudains,nbaudainsms@alexa.com,Female,252.104.119.87
822,Amargo,Ivanishchev,aivanishchevmt@va.gov,Female,59.28.26.8
823,Devy,Heppenspall,dheppenspallmu@howstuffworks.com,Male,174.73.195.71
824,Jarad,Cantopher,jcantophermv@reference.com,Male,26.190.110.118
825,Audrye,Measor,ameasormw@foxnews.com,Female,142.57.113.98
826,Carline,Birckmann,cbirckmannmx@nsw.gov.au,Female,197.195.51.9
827,Pepe,Street,pstreetmy@slate.com,Male,113.64.114.35
828,Alvina,Brinson,abrinsonmz@indiatimes.com,Female,227.138.222.30
829,Elberta,Lidden,eliddenn0@naver.com,Female,185.8.23.255
830,Justis,Gealle,jgeallen1@latimes.com,Male,250.117.216.117
831,Marcelle,Le Pine,mlepinen2@squarespace.com,Female,62.242.79.186
832,Basile,Oldman,boldmann3@fotki.com,Male,179.33.131.182
833,Lem,Noden,lnodenn4@jigsy.com,Male,215.241.163.193
834,Emmie,Keogh,ekeoghn5@wired.com,Female,252.249.19.42
835,Crosby,Odde,codden6@fema.gov,Male,5.85.11.235
836,Barnabe,Elden,beldenn7@examiner.com,Male,144.30.52.77
837,Sukey,Alford,salfordn8@sina.com.cn,Female,176.52.29.207
838,Roddy,Grog,rgrogn9@cbsnews.com,Male,43.223.24.51
839,Gaspar,Tramel,gtramelna@miibeian.gov.cn,Male,239.156.144.206
840,Nataniel,Alekseicik,nalekseiciknb@hp.com,Male,138.15.167.238
841,Ranna,Gore,rgorenc@msn.com,Female,67.9.196.174
842,Garold,Adolphine,gadolphinend@wordpress.org,Male,137.119.85.45
843,Sari,Carff,scarffne@baidu.com,Female,47.197.163.0
844,Cleon,Berriman,cberrimannf@meetup.com,Male,161.78.164.7
845,Reinwald,Figgures,rfigguresng@sina.com.cn,Male,181.79.57.64
846,Meredith,Niblo,mniblonh@netvibes.com,Female,15.28.194.119
847,Ade,Pregal,apregalni@boston.com,Male,253.96.8.35
848,Marinna,Cairns,mcairnsnj@jigsy.com,Female,39.188.223.99
849,Fletch,Greader,fgreadernk@whitehouse.gov,Male,174.170.107.142
850,Ingram,Stammler,istammlernl@xrea.com,Male,220.169.85.52
851,Elana,Nisco,enisconm@google.fr,Female,203.112.225.177
852,Mathilde,Stollberg,mstollbergnn@ustream.tv,Female,103.229.128.183
853,Taffy,Bruhnke,tbruhnkeno@prnewswire.com,Female,113.79.87.254
854,Shari,Stearn,sstearnnp@livejournal.com,Female,13.231.106.93
855,Marleah,Bausmann,mbausmannnq@yahoo.co.jp,Female,13.83.156.102
856,Helenka,Learmount,hlearmountnr@t.co,Female,138.204.164.25
857,Dari,Connett,dconnettns@ca.gov,Female,0.7.203.59
858,Darcey,Cicchinelli,dcicchinellint@tinyurl.com,Female,100.205.104.100
859,Allen,Minette,aminettenu@quantcast.com,Male,43.211.109.205
860,Darcey,Zorzini,dzorzininv@gnu.org,Female,59.95.251.91
861,Finlay,Kleinlerer,fkleinlerernw@yahoo.com,Male,74.203.167.57
862,Grace,Keppie,gkeppienx@geocities.com,Male,54.112.218.242
863,Joel,Fandrich,jfandrichny@bbb.org,Male,174.53.8.195
864,Devinne,Burnel,dburnelnz@reverbnation.com,Female,88.179.84.82
865,Rem,Wiggett,rwiggetto0@imdb.com,Male,220.102.94.5
866,Myriam,Druce,mdruceo1@t.co,Female,148.182.89.177
867,Brande,Reedshaw,breedshawo2@wikispaces.com,Female,189.146.196.142
868,Ilse,Maile,imaileo3@bandcamp.com,Female,190.32.244.41
869,Lyndell,Lealle,llealleo4@illinois.edu,Female,29.108.222.12
870,Borg,MacGregor,bmacgregoro5@fema.gov,Male,175.138.192.187
871,Lisle,MacCaig,lmaccaigo6@gmpg.org,Male,7.116.152.217
872,Hobard,Durnell,hdurnello7@youku.com,Male,221.88.228.23
873,Kira,Evesque,kevesqueo8@cdc.gov,Female,147.2.188.39
874,Geri,Ehlerding,gehlerdingo9@cdbaby.com,Male,106.58.156.194
875,Bern,Bengochea,bbengocheaoa@netlog.com,Male,233.204.175.17
876,Arte,Jorgesen,ajorgesenob@storify.com,Male,103.241.54.130
877,Amandy,Van der Beken,avanderbekenoc@deliciousdays.com,Female,116.118.229.55
878,Faulkner,Mousley,fmousleyod@ucsd.edu,Male,85.243.50.23
879,Alex,Evered,aeveredoe@sakura.ne.jp,Male,6.88.51.112
880,Evangelia,Stummeyer,estummeyerof@answers.com,Female,110.82.57.238
881,Latashia,Sherburn,lsherburnog@netlog.com,Female,87.53.110.192
882,Willa,Restill,wrestilloh@census.gov,Female,94.125.28.248
883,Merci,Bursnell,mbursnelloi@unicef.org,Female,138.74.8.106
884,Stanley,De Bell,sdebelloj@cdc.gov,Male,28.113.166.140
885,Wynn,Monday,wmondayok@foxnews.com,Male,10.109.91.52
886,Valentia,Durnill,vdurnillol@gravatar.com,Female,214.61.14.48
887,Mylo,Slesser,mslesserom@vk.com,Male,144.192.205.2
888,Elihu,Elvish,eelvishon@usatoday.com,Male,248.161.252.15
889,Andra,Weathers,aweathersoo@google.ru,Female,253.182.124.236
890,Patrick,Raycroft,praycroftop@edublogs.org,Male,107.95.202.90
891,Marshall,Whitnall,mwhitnalloq@ow.ly,Male,145.182.184.110
892,Marika,Hodgin,mhodginor@amazon.co.jp,Female,27.25.146.116
893,Romain,Wells,rwellsos@pen.io,Male,237.209.113.153
894,Jasen,Lark,jlarkot@liveinternet.ru,Male,254.48.179.132
895,Roxana,Plastow,rplastowou@liveinternet.ru,Female,95.173.125.33
896,Hilliary,Swindley,hswindleyov@phoca.cz,Female,67.191.147.138
897,Angelico,Skones,askonesow@yale.edu,Male,233.12.130.225
898,Jerome,Siflet,jsifletox@abc.net.au,Male,192.109.55.21
899,Richardo,Leteurtre,rleteurtreoy@purevolume.com,Male,210.254.109.116
900,Grace,Mitrovic,gmitrovicoz@upenn.edu,Male,157.119.107.91
901,Magdalen,Caldeiro,mcaldeirop0@studiopress.com,Female,252.233.227.111
902,Shaw,Ladson,sladsonp1@dion.ne.jp,Male,21.176.157.39
903,Edgar,Walster,ewalsterp2@timesonline.co.uk,Male,118.226.218.6
904,Phillipe,Hatrey,phatreyp3@meetup.com,Male,125.10.217.236
905,Hoyt,Markie,hmarkiep4@51.la,Male,208.100.36.249
906,Alyson,Norwell,anorwellp5@state.tx.us,Female,103.139.196.168
907,Riley,Fippe,rfippep6@creativecommons.org,Male,92.108.217.212
908,Quincey,Waldock,qwaldockp7@chron.com,Male,43.38.13.150
909,Lonna,Taborre,ltaborrep8@ibm.com,Female,228.115.118.100
910,Ernaline,Crimmins,ecrimminsp9@ask.com,Female,20.58.124.202
911,Vi,Stickles,vsticklespa@biblegateway.com,Female,82.250.65.218
912,Guglielmo,Gooderidge,ggooderidgepb@shop-pro.jp,Male,108.75.41.149
913,Patten,Phizacklea,pphizackleapc@comcast.net,Male,142.1.215.34
914,Rockie,Freckleton,rfreckletonpd@senate.gov,Male,66.28.201.253
915,Kimberlyn,Donegan,kdoneganpe@statcounter.com,Female,50.113.92.49
916,Dusty,Lagen,dlagenpf@smh.com.au,Female,95.236.10.212
917,Gordan,McIndoe,gmcindoepg@sohu.com,Male,36.196.149.21
918,Sidney,Scoggan,sscogganph@cnbc.com,Male,246.89.40.195
919,Charlotte,Vasyunin,cvasyuninpi@webs.com,Female,206.175.139.57
920,Bertine,Coopland,bcooplandpj@ibm.com,Female,91.153.168.92
921,Legra,Clausson,lclaussonpk@timesonline.co.uk,Female,130.195.186.72
922,Fedora,Phlippi,fphlippipl@trellian.com,Female,31.80.144.243
923,Patrice,Mollene,pmollenepm@upenn.edu,Male,154.153.134.71
924,Betsey,Irvine,birvinepn@icq.com,Female,11.121.213.170
925,Nelia,Meneely,nmeneelypo@hexun.com,Female,144.144.126.130
926,Gerhardine,Masurel,gmasurelpp@flavors.me,Female,130.185.130.144
927,Lorne,Habishaw,lhabishawpq@pinterest.com,Male,211.191.49.164
928,Mohandis,Osgorby,mosgorbypr@europa.eu,Male,51.255.130.22
929,Cece,Bontein,cbonteinps@cafepress.com,Male,114.170.158.140
930,Camala,Lisciandri,clisciandript@gmpg.org,Female,48.211.232.146
931,Georas,Gabey,ggabeypu@nih.gov,Male,198.202.110.122
932,Tony,Richings,trichingspv@google.ca,Male,55.143.67.253
933,Janene,Kubicki,jkubickipw@fda.gov,Female,154.21.64.128
934,Helge,Camosso,hcamossopx@virginia.edu,Female,169.27.237.25
935,Nichols,Matusiak,nmatusiakpy@wunderground.com,Male,177.137.224.181
936,Lyle,McAnellye,lmcanellyepz@hao123.com,Male,241.96.44.234
937,Hilliary,Camell,hcamellq0@storify.com,Female,219.132.154.197
938,Allie,Etherington,aetheringtonq1@home.pl,Female,165.225.214.26
939,Rozele,Mildner,rmildnerq2@wired.com,Female,242.131.203.151
940,Lenette,Turbayne,lturbayneq3@adobe.com,Female,42.20.231.227
941,Bobinette,Hulcoop,bhulcoopq4@telegraph.co.uk,Female,212.109.254.204
942,Shaun,Baudts,sbaudtsq5@feedburner.com,Male,66.223.76.25
943,Catherin,Silverwood,csilverwoodq6@bloomberg.com,Female,37.133.186.77
944,Agnola,Petrussi,apetrussiq7@behance.net,Female,134.174.208.37
945,Rina,Sprigings,rsprigingsq8@altervista.org,Female,34.33.35.237
946,Quincey,McEwen,qmcewenq9@adobe.com,Male,202.175.40.86
947,Toni,Bandiera,tbandieraqa@fc2.com,Female,124.27.130.103
948,Bonni,Ahrens,bahrensqb@geocities.jp,Female,214.191.33.43
949,Lombard,Trippick,ltrippickqc@t.co,Male,121.158.146.194
950,Ettore,Ewart,eewartqd@china.com.cn,Male,8.222.213.109
951,Adi,Battill,abattillqe@java.com,Female,115.39.189.30
952,Nerissa,Gheorghescu,ngheorghescuqf@smugmug.com,Female,135.36.130.45
953,Priscella,Lambie,plambieqg@bloomberg.com,Female,204.53.76.86
954,Garrek,Rumsby,grumsbyqh@cnet.com,Male,87.196.221.197
955,Connie,Zemler,czemlerqi@usda.gov,Male,71.180.159.248
956,Quintilla,Nicolson,qnicolsonqj@prweb.com,Female,4.223.206.226
957,Dean,Van Cassel,dvancasselqk@jimdo.com,Male,194.93.51.180
958,Scarface,Marven,smarvenql@google.de,Male,236.9.102.217
959,Pippo,Eadie,peadieqm@time.com,Male,33.244.185.179
960,Lombard,L' Anglois,llangloisqn@apple.com,Male,216.234.92.25
961,Demetre,Westerman,dwestermanqo@loc.gov,Male,138.104.49.234
962,Kyle,Starmont,kstarmontqp@purevolume.com,Male,7.175.116.57
963,Rodrick,Labrum,rlabrumqq@bbb.org,Male,65.165.42.107
964,Sadie,Conew,sconewqr@behance.net,Female,5.9.55.86
965,Geri,Ridger,gridgerqs@networkadvertising.org,Male,37.129.7.141
966,Brand,Gooden,bgoodenqt@dot.gov,Male,46.120.0.176
967,Tadeas,Cardew,tcardewqu@loc.gov,Male,233.72.63.193
968,Duane,Akitt,dakittqv@cdc.gov,Male,53.252.246.229
969,Egbert,Robotham,erobothamqw@msn.com,Male,154.58.168.20
970,Mortie,Brizell,mbrizellqx@time.com,Male,151.201.198.171
971,Halie,Creelman,hcreelmanqy@naver.com,Female,191.154.38.217
972,Gill,Hurles,ghurlesqz@geocities.jp,Male,84.205.188.237
973,Darn,Orknay,dorknayr0@sourceforge.net,Male,218.49.173.43
974,Dante,McSorley,dmcsorleyr1@etsy.com,Male,86.191.235.145
975,Bryn,Loveman,blovemanr2@wsj.com,Male,242.123.99.15
976,Abbi,Barney,abarneyr3@wikipedia.org,Female,202.232.105.171
977,Isa,Lannon,ilannonr4@businessweek.com,Male,75.163.245.207
978,Cthrine,Endricci,cendriccir5@accuweather.com,Female,74.70.247.178
979,Lynne,Patrie,lpatrier6@friendfeed.com,Female,13.223.108.37
980,Karlis,Emmanuel,kemmanuelr7@pbs.org,Male,228.92.134.129
981,Gui,Duckels,gduckelsr8@blogspot.com,Female,241.94.137.70
982,Ursa,Edworthie,uedworthier9@shinystat.com,Female,144.131.169.187
983,Arlene,Calwell,acalwellra@mozilla.com,Female,143.43.67.49
984,Cyndy,Ivanin,civaninrb@dailymail.co.uk,Female,175.54.242.167
985,Janel,MacNab,jmacnabrc@behance.net,Female,90.207.73.48
986,Norene,Ganing,nganingrd@ca.gov,Female,76.3.61.4
987,Augustus,Meynell,ameynellre@engadget.com,Male,178.222.101.214
988,Carce,Nowlan,cnowlanrf@google.it,Male,79.189.222.45
989,Sibylle,Bachmann,sbachmannrg@craigslist.org,Female,123.159.51.12
990,Robers,Ubsdell,rubsdellrh@wikipedia.org,Male,45.48.123.241
991,Ansley,Koppes,akoppesri@jiathis.com,Female,119.100.114.59
992,Clarine,Slot,cslotrj@bloomberg.com,Female,60.4.65.96
993,Bendick,Tuftin,btuftinrk@hubpages.com,Male,63.65.54.1
994,Arleta,Clemanceau,aclemanceaurl@time.com,Female,69.215.156.129
995,Nataline,Mably,nmablyrm@ocn.ne.jp,Female,129.149.220.145
996,Maible,Butfield,mbutfieldrn@irs.gov,Female,195.246.3.88
997,Cathrine,Scay,cscayro@homestead.com,Female,184.176.165.220
998,Wolfie,Isenor,wisenorrp@unc.edu,Male,227.20.107.254
999,Bibby,Whelpdale,bwhelpdalerq@narod.ru,Female,189.244.125.71
1000,Gilli,Levinge,glevingerr@canalblog.com,Female,67.132.177.147
